Time/BA(s);RefinedPose;ConstPose;IgnoredPose;RefinedPts;ConstPts;IgnoredPts;RefinedK;ConstK;IgnoredK;ResidualBlocks;SuccessIteration;BadIteration;InitRMSE;FinalRMSE;d=-1;d=0;d=1;d=2;d=3;d=4;d=5;d=6;d=7;d=8;d=9;d=10+;
0.015119;2;0;0;1916;0;0;0;1;1;3832;4;0;0.100688;0.0854371;0;0;0;0;0;0;0;0;0;0;0;0;
0.247287;3;0;0;4289;0;0;1;0;1;8578;51;0;0.216895;0.0975698;0;0;0;0;0;0;0;0;0;0;0;0;
0.288073;4;0;0;5512;0;0;1;0;1;11024;51;0;0.357466;0.136485;0;0;0;0;0;0;0;0;0;0;0;0;
0.186748;5;0;0;10347;0;0;1;0;1;20694;15;0;0.992162;0.109273;0;0;0;0;0;0;0;0;0;0;0;0;
0.114603;6;0;0;13097;0;0;2;0;0;26194;6;0;0.194245;0.115295;0;0;0;0;0;0;0;0;0;0;0;0;
0.154888;7;0;0;18955;0;0;2;0;0;37910;6;0;0.213595;0.120715;0;0;0;0;0;0;0;0;0;0;0;0;
0.134666;8;0;0;19120;0;0;2;0;0;38240;5;0;0.121138;0.117951;0;0;0;0;0;0;0;0;0;0;0;0;
